date,year,month,delta,interval
1880-01-01,1880,Jan,-0.35,1881-1920
1880-02-01,1880,Feb,-0.5,1881-1920
1880-03-01,1880,Mar,-0.22,1881-1920
1880-04-01,1880,Apr,-0.29,1881-1920
1880-05-01,1880,May,-0.05,1881-1920
1880-06-01,1880,Jun,-0.15,1881-1920
1880-07-01,1880,Jul,-0.17,1881-1920
1880-08-01,1880,Aug,-0.24,1881-1920
1880-09-01,1880,Sep,-0.22,1881-1920
1880-10-01,1880,Oct,-0.3,1881-1920
1880-11-01,1880,Nov,-0.41,1881-1920
1880-12-01,1880,Dec,-0.39,1881-1920
1881-01-01,1881,Jan,-0.3,1881-1920
1881-02-01,1881,Feb,-0.22,1881-1920
1881-03-01,1881,Mar,-0.03,1881-1920
1881-04-01,1881,Apr,0.01,1881-1920
1881-05-01,1881,May,0.05,1881-1920
1881-06-01,1881,Jun,-0.33,1881-1920
1881-07-01,1881,Jul,0.08,1881-1920
1881-08-01,1881,Aug,-0.04,1881-1920
1881-09-01,1881,Sep,-0.27,1881-1920
1881-10-01,1881,Oct,-0.43,1881-1920
1881-11-01,1881,Nov,-0.36,1881-1920
1881-12-01,1881,Dec,-0.23,1881-1920
1882-01-01,1882,Jan,0.26,1881-1920
1882-02-01,1882,Feb,0.21,1881-1920
1882-03-01,1882,Mar,0.02,1881-1920
1882-04-01,1882,Apr,-0.32,1881-1920
1882-05-01,1882,May,-0.24,1881-1920
1882-06-01,1882,Jun,-0.3,1881-1920
1882-07-01,1882,Jul,-0.28,1881-1920
1882-08-01,1882,Aug,-0.14,1881-1920
1882-09-01,1882,Sep,-0.23,1881-1920
1882-10-01,1882,Oct,-0.52,1881-1920
1882-11-01,1882,Nov,-0.32,1881-1920
1882-12-01,1882,Dec,-0.67,1881-1920
1883-01-01,1883,Jan,-0.57,1881-1920
1883-02-01,1883,Feb,-0.66,1881-1920
1883-03-01,1883,Mar,-0.15,1881-1920
1883-04-01,1883,Apr,-0.29,1881-1920
1883-05-01,1883,May,-0.24,1881-1920
1883-06-01,1883,Jun,-0.13,1881-1920
1883-07-01,1883,Jul,-0.04,1881-1920
1883-08-01,1883,Aug,-0.22,1881-1920
1883-09-01,1883,Sep,-0.32,1881-1920
1883-10-01,1883,Oct,-0.16,1881-1920
1883-11-01,1883,Nov,-0.41,1881-1920
1883-12-01,1883,Dec,-0.15,1881-1920
1884-01-01,1884,Jan,-0.15,1881-1920
1884-02-01,1884,Feb,-0.11,1881-1920
1884-03-01,1884,Mar,-0.64,1881-1920
1884-04-01,1884,Apr,-0.59,1881-1920
1884-05-01,1884,May,-0.35,1881-1920
1884-06-01,1884,Jun,-0.41,1881-1920
1884-07-01,1884,Jul,-0.41,1881-1920
1884-08-01,1884,Aug,-0.51,1881-1920
1884-09-01,1884,Sep,-0.45,1881-1920
1884-10-01,1884,Oct,-0.44,1881-1920
1884-11-01,1884,Nov,-0.57,1881-1920
1884-12-01,1884,Dec,-0.46,1881-1920
1885-01-01,1885,Jan,-1,1881-1920
1885-02-01,1885,Feb,-0.46,1881-1920
1885-03-01,1885,Mar,-0.24,1881-1920
1885-04-01,1885,Apr,-0.49,1881-1920
1885-05-01,1885,May,-0.58,1881-1920
1885-06-01,1885,Jun,-0.45,1881-1920
1885-07-01,1885,Jul,-0.34,1881-1920
1885-08-01,1885,Aug,-0.41,1881-1920
1885-09-01,1885,Sep,-0.4,1881-1920
1885-10-01,1885,Oct,-0.37,1881-1920
1885-11-01,1885,Nov,-0.38,1881-1920
1885-12-01,1885,Dec,-0.11,1881-1920
1886-01-01,1886,Jan,-0.74,1881-1920
1886-02-01,1886,Feb,-0.83,1881-1920
1886-03-01,1886,Mar,-0.71,1881-1920
1886-04-01,1886,Apr,-0.36,1881-1920
1886-05-01,1886,May,-0.33,1881-1920
1886-06-01,1886,Jun,-0.37,1881-1920
1886-07-01,1886,Jul,-0.14,1881-1920
1886-08-01,1886,Aug,-0.43,1881-1920
1886-09-01,1886,Sep,-0.33,1881-1920
1886-10-01,1886,Oct,-0.31,1881-1920
1886-11-01,1886,Nov,-0.4,1881-1920
1886-12-01,1886,Dec,-0.21,1881-1920
1887-01-01,1887,Jan,-1.08,1881-1920
1887-02-01,1887,Feb,-0.7,1881-1920
1887-03-01,1887,Mar,-0.44,1881-1920
1887-04-01,1887,Apr,-0.38,1881-1920
1887-05-01,1887,May,-0.25,1881-1920
1887-06-01,1887,Jun,-0.21,1881-1920
1887-07-01,1887,Jul,-0.24,1881-1920
1887-08-01,1887,Aug,-0.55,1881-1920
1887-09-01,1887,Sep,-0.21,1881-1920
1887-10-01,1887,Oct,-0.49,1881-1920
1887-11-01,1887,Nov,-0.27,1881-1920
1887-12-01,1887,Dec,-0.43,1881-1920
1888-01-01,1888,Jan,-0.49,1881-1920
1888-02-01,1888,Feb,-0.61,1881-1920
1888-03-01,1888,Mar,-0.63,1881-1920
1888-04-01,1888,Apr,-0.21,1881-1920
1888-05-01,1888,May,-0.15,1881-1920
1888-06-01,1888,Jun,-0.02,1881-1920
1888-07-01,1888,Jul,0,1881-1920
1888-08-01,1888,Aug,-0.21,1881-1920
1888-09-01,1888,Sep,-0.19,1881-1920
1888-10-01,1888,Oct,-0.03,1881-1920
1888-11-01,1888,Nov,0,1881-1920
1888-12-01,1888,Dec,-0.23,1881-1920
1889-01-01,1889,Jan,-0.28,1881-1920
1889-02-01,1889,Feb,0.29,1881-1920
1889-03-01,1889,Mar,-0.01,1881-1920
1889-04-01,1889,Apr,0.16,1881-1920
1889-05-01,1889,May,-0.03,1881-1920
1889-06-01,1889,Jun,-0.06,1881-1920
1889-07-01,1889,Jul,-0.08,1881-1920
1889-08-01,1889,Aug,-0.2,1881-1920
1889-09-01,1889,Sep,-0.29,1881-1920
1889-10-01,1889,Oct,-0.41,1881-1920
1889-11-01,1889,Nov,-0.61,1881-1920
1889-12-01,1889,Dec,-0.54,1881-1920
1890-01-01,1890,Jan,-0.63,1881-1920
1890-02-01,1890,Feb,-0.57,1881-1920
1890-03-01,1890,Mar,-0.47,1881-1920
1890-04-01,1890,Apr,-0.25,1881-1920
1890-05-01,1890,May,-0.35,1881-1920
1890-06-01,1890,Jun,-0.15,1881-1920
1890-07-01,1890,Jul,-0.23,1881-1920
1890-08-01,1890,Aug,-0.39,1881-1920
1890-09-01,1890,Sep,-0.35,1881-1920
1890-10-01,1890,Oct,-0.1,1881-1920
1890-11-01,1890,Nov,-0.62,1881-1920
1890-12-01,1890,Dec,-0.47,1881-1920
1891-01-01,1891,Jan,-0.46,1881-1920
1891-02-01,1891,Feb,-0.67,1881-1920
1891-03-01,1891,Mar,-0.16,1881-1920
1891-04-01,1891,Apr,-0.35,1881-1920
1891-05-01,1891,May,-0.15,1881-1920
1891-06-01,1891,Jun,-0.12,1881-1920
1891-07-01,1891,Jul,-0.12,1881-1920
1891-08-01,1891,Aug,-0.12,1881-1920
1891-09-01,1891,Sep,-0.07,1881-1920
1891-10-01,1891,Oct,-0.28,1881-1920
1891-11-01,1891,Nov,-0.53,1881-1920
1891-12-01,1891,Dec,-0.03,1881-1920
1892-01-01,1892,Jan,-0.5,1881-1920
1892-02-01,1892,Feb,-0.17,1881-1920
1892-03-01,1892,Mar,-0.68,1881-1920
1892-04-01,1892,Apr,-0.45,1881-1920
1892-05-01,1892,May,-0.24,1881-1920
1892-06-01,1892,Jun,-0.06,1881-1920
1892-07-01,1892,Jul,-0.38,1881-1920
1892-08-01,1892,Aug,-0.33,1881-1920
1892-09-01,1892,Sep,-0.2,1881-1920
1892-10-01,1892,Oct,-0.28,1881-1920
1892-11-01,1892,Nov,-0.83,1881-1920
1892-12-01,1892,Dec,-0.66,1881-1920
1893-01-01,1893,Jan,-1.5,1881-1920
1893-02-01,1893,Feb,-0.95,1881-1920
1893-03-01,1893,Mar,-0.32,1881-1920
1893-04-01,1893,Apr,-0.29,1881-1920
1893-05-01,1893,May,-0.42,1881-1920
1893-06-01,1893,Jun,-0.17,1881-1920
1893-07-01,1893,Jul,-0.14,1881-1920
1893-08-01,1893,Aug,-0.34,1881-1920
1893-09-01,1893,Sep,-0.29,1881-1920
1893-10-01,1893,Oct,-0.28,1881-1920
1893-11-01,1893,Nov,-0.33,1881-1920
1893-12-01,1893,Dec,-0.6,1881-1920
1894-01-01,1894,Jan,-0.91,1881-1920
1894-02-01,1894,Feb,-0.41,1881-1920
1894-03-01,1894,Mar,-0.21,1881-1920
1894-04-01,1894,Apr,-0.53,1881-1920
1894-05-01,1894,May,-0.25,1881-1920
1894-06-01,1894,Jun,-0.4,1881-1920
1894-07-01,1894,Jul,-0.2,1881-1920
1894-08-01,1894,Aug,-0.27,1881-1920
1894-09-01,1894,Sep,-0.32,1881-1920
1894-10-01,1894,Oct,-0.27,1881-1920
1894-11-01,1894,Nov,-0.47,1881-1920
1894-12-01,1894,Dec,-0.35,1881-1920
1895-01-01,1895,Jan,-0.69,1881-1920
1895-02-01,1895,Feb,-0.8,1881-1920
1895-03-01,1895,Mar,-0.49,1881-1920
1895-04-01,1895,Apr,-0.18,1881-1920
1895-05-01,1895,May,-0.3,1881-1920
1895-06-01,1895,Jun,-0.21,1881-1920
1895-07-01,1895,Jul,-0.18,1881-1920
1895-08-01,1895,Aug,-0.27,1881-1920
1895-09-01,1895,Sep,-0.06,1881-1920
1895-10-01,1895,Oct,-0.09,1881-1920
1895-11-01,1895,Nov,-0.12,1881-1920
1895-12-01,1895,Dec,-0.22,1881-1920
1896-01-01,1896,Jan,-0.36,1881-1920
1896-02-01,1896,Feb,-0.17,1881-1920
1896-03-01,1896,Mar,-0.48,1881-1920
1896-04-01,1896,Apr,-0.59,1881-1920
1896-05-01,1896,May,-0.15,1881-1920
1896-06-01,1896,Jun,0.07,1881-1920
1896-07-01,1896,Jul,0,1881-1920
1896-08-01,1896,Aug,-0.1,1881-1920
1896-09-01,1896,Sep,-0.12,1881-1920
1896-10-01,1896,Oct,0.05,1881-1920
1896-11-01,1896,Nov,-0.2,1881-1920
1896-12-01,1896,Dec,-0.2,1881-1920
1897-01-01,1897,Jan,-0.39,1881-1920
1897-02-01,1897,Feb,-0.4,1881-1920
1897-03-01,1897,Mar,-0.38,1881-1920
1897-04-01,1897,Apr,-0.04,1881-1920
1897-05-01,1897,May,0.14,1881-1920
1897-06-01,1897,Jun,-0.05,1881-1920
1897-07-01,1897,Jul,0.05,1881-1920
1897-08-01,1897,Aug,-0.06,1881-1920
1897-09-01,1897,Sep,-0.06,1881-1920
1897-10-01,1897,Oct,-0.15,1881-1920
1897-11-01,1897,Nov,-0.25,1881-1920
1897-12-01,1897,Dec,-0.29,1881-1920
1898-01-01,1898,Jan,0.06,1881-1920
1898-02-01,1898,Feb,-0.44,1881-1920
1898-03-01,1898,Mar,-0.79,1881-1920
1898-04-01,1898,Apr,-0.27,1881-1920
1898-05-01,1898,May,-0.27,1881-1920
1898-06-01,1898,Jun,-0.08,1881-1920
1898-07-01,1898,Jul,-0.12,1881-1920
1898-08-01,1898,Aug,-0.18,1881-1920
1898-09-01,1898,Sep,-0.17,1881-1920
1898-10-01,1898,Oct,-0.36,1881-1920
1898-11-01,1898,Nov,-0.5,1881-1920
1898-12-01,1898,Dec,-0.26,1881-1920
1899-01-01,1899,Jan,-0.12,1881-1920
1899-02-01,1899,Feb,-0.64,1881-1920
1899-03-01,1899,Mar,-0.58,1881-1920
1899-04-01,1899,Apr,-0.21,1881-1920
1899-05-01,1899,May,-0.23,1881-1920
1899-06-01,1899,Jun,-0.35,1881-1920
1899-07-01,1899,Jul,-0.16,1881-1920
1899-08-01,1899,Aug,-0.06,1881-1920
1899-09-01,1899,Sep,-0.04,1881-1920
1899-10-01,1899,Oct,0.05,1881-1920
1899-11-01,1899,Nov,0.36,1881-1920
1899-12-01,1899,Dec,-0.46,1881-1920
1900-01-01,1900,Jan,-0.61,1881-1920
1900-02-01,1900,Feb,-0.13,1881-1920
1900-03-01,1900,Mar,0.06,1881-1920
1900-04-01,1900,Apr,-0.09,1881-1920
1900-05-01,1900,May,-0.03,1881-1920
1900-06-01,1900,Jun,-0.1,1881-1920
1900-07-01,1900,Jul,-0.11,1881-1920
1900-08-01,1900,Aug,-0.08,1881-1920
1900-09-01,1900,Sep,-0.02,1881-1920
1900-10-01,1900,Oct,0.23,1881-1920
1900-11-01,1900,Nov,-0.12,1881-1920
1900-12-01,1900,Dec,-0.02,1881-1920
1901-01-01,1901,Jan,-0.33,1881-1920
1901-02-01,1901,Feb,-0.09,1881-1920
1901-03-01,1901,Mar,0.28,1881-1920
1901-04-01,1901,Apr,0.11,1881-1920
1901-05-01,1901,May,-0.1,1881-1920
1901-06-01,1901,Jun,0.02,1881-1920
1901-07-01,1901,Jul,0.02,1881-1920
1901-08-01,1901,Aug,-0.15,1881-1920
1901-09-01,1901,Sep,-0.27,1881-1920
1901-10-01,1901,Oct,-0.31,1881-1920
1901-11-01,1901,Nov,-0.19,1881-1920
1901-12-01,1901,Dec,-0.39,1881-1920
1902-01-01,1902,Jan,-0.13,1881-1920
1902-02-01,1902,Feb,-0.02,1881-1920
1902-03-01,1902,Mar,-0.36,1881-1920
1902-04-01,1902,Apr,-0.36,1881-1920
1902-05-01,1902,May,-0.39,1881-1920
1902-06-01,1902,Jun,-0.39,1881-1920
1902-07-01,1902,Jul,-0.32,1881-1920
1902-08-01,1902,Aug,-0.29,1881-1920
1902-09-01,1902,Sep,-0.33,1881-1920
1902-10-01,1902,Oct,-0.32,1881-1920
1902-11-01,1902,Nov,-0.46,1881-1920
1902-12-01,1902,Dec,-0.59,1881-1920
1903-01-01,1903,Jan,-0.22,1881-1920
1903-02-01,1903,Feb,0.12,1881-1920
1903-03-01,1903,Mar,-0.16,1881-1920
1903-04-01,1903,Apr,-0.45,1881-1920
1903-05-01,1903,May,-0.43,1881-1920
1903-06-01,1903,Jun,-0.45,1881-1920
1903-07-01,1903,Jul,-0.41,1881-1920
1903-08-01,1903,Aug,-0.55,1881-1920
1903-09-01,1903,Sep,-0.48,1881-1920
1903-10-01,1903,Oct,-0.45,1881-1920
1903-11-01,1903,Nov,-0.4,1881-1920
1903-12-01,1903,Dec,-0.56,1881-1920
1904-01-01,1904,Jan,-0.74,1881-1920
1904-02-01,1904,Feb,-0.6,1881-1920
1904-03-01,1904,Mar,-0.45,1881-1920
1904-04-01,1904,Apr,-0.49,1881-1920
1904-05-01,1904,May,-0.43,1881-1920
1904-06-01,1904,Jun,-0.48,1881-1920
1904-07-01,1904,Jul,-0.58,1881-1920
1904-08-01,1904,Aug,-0.54,1881-1920
1904-09-01,1904,Sep,-0.63,1881-1920
1904-10-01,1904,Oct,-0.38,1881-1920
1904-11-01,1904,Nov,-0.08,1881-1920
1904-12-01,1904,Dec,-0.33,1881-1920
1905-01-01,1905,Jan,-0.4,1881-1920
1905-02-01,1905,Feb,-0.81,1881-1920
1905-03-01,1905,Mar,-0.22,1881-1920
1905-04-01,1905,Apr,-0.45,1881-1920
1905-05-01,1905,May,-0.28,1881-1920
1905-06-01,1905,Jun,-0.27,1881-1920
1905-07-01,1905,Jul,-0.21,1881-1920
1905-08-01,1905,Aug,-0.23,1881-1920
1905-09-01,1905,Sep,-0.18,1881-1920
1905-10-01,1905,Oct,-0.27,1881-1920
1905-11-01,1905,Nov,0.09,1881-1920
1905-12-01,1905,Dec,-0.16,1881-1920
1906-01-01,1906,Jan,-0.56,1881-1920
1906-02-01,1906,Feb,-0.53,1881-1920
1906-03-01,1906,Mar,-0.2,1881-1920
1906-04-01,1906,Apr,0.05,1881-1920
1906-05-01,1906,May,-0.24,1881-1920
1906-06-01,1906,Jun,-0.11,1881-1920
1906-07-01,1906,Jul,-0.26,1881-1920
1906-08-01,1906,Aug,-0.17,1881-1920
1906-09-01,1906,Sep,-0.24,1881-1920
1906-10-01,1906,Oct,-0.17,1881-1920
1906-11-01,1906,Nov,-0.4,1881-1920
1906-12-01,1906,Dec,0.03,1881-1920
1907-01-01,1907,Jan,-0.57,1881-1920
1907-02-01,1907,Feb,-0.72,1881-1920
1907-03-01,1907,Mar,-0.29,1881-1920
1907-04-01,1907,Apr,-0.44,1881-1920
1907-05-01,1907,May,-0.58,1881-1920
1907-06-01,1907,Jun,-0.51,1881-1920
1907-07-01,1907,Jul,-0.39,1881-1920
1907-08-01,1907,Aug,-0.38,1881-1920
1907-09-01,1907,Sep,-0.4,1881-1920
1907-10-01,1907,Oct,-0.19,1881-1920
1907-11-01,1907,Nov,-0.55,1881-1920
1907-12-01,1907,Dec,-0.58,1881-1920
1908-01-01,1908,Jan,-0.54,1881-1920
1908-02-01,1908,Feb,-0.27,1881-1920
1908-03-01,1908,Mar,-0.69,1881-1920
1908-04-01,1908,Apr,-0.46,1881-1920
1908-05-01,1908,May,-0.28,1881-1920
1908-06-01,1908,Jun,-0.29,1881-1920
1908-07-01,1908,Jul,-0.35,1881-1920
1908-08-01,1908,Aug,-0.56,1881-1920
1908-09-01,1908,Sep,-0.3,1881-1920
1908-10-01,1908,Oct,-0.44,1881-1920
1908-11-01,1908,Nov,-0.63,1881-1920
1908-12-01,1908,Dec,-0.55,1881-1920
1909-01-01,1909,Jan,-0.93,1881-1920
1909-02-01,1909,Feb,-0.44,1881-1920
1909-03-01,1909,Mar,-0.66,1881-1920
1909-04-01,1909,Apr,-0.64,1881-1920
1909-05-01,1909,May,-0.49,1881-1920
1909-06-01,1909,Jun,-0.52,1881-1920
1909-07-01,1909,Jul,-0.45,1881-1920
1909-08-01,1909,Aug,-0.36,1881-1920
1909-09-01,1909,Sep,-0.37,1881-1920
1909-10-01,1909,Oct,-0.34,1881-1920
1909-11-01,1909,Nov,-0.11,1881-1920
1909-12-01,1909,Dec,-0.57,1881-1920
1910-01-01,1910,Jan,-0.34,1881-1920
1910-02-01,1910,Feb,-0.36,1881-1920
1910-03-01,1910,Mar,-0.48,1881-1920
1910-04-01,1910,Apr,-0.4,1881-1920
1910-05-01,1910,May,-0.3,1881-1920
1910-06-01,1910,Jun,-0.44,1881-1920
1910-07-01,1910,Jul,-0.38,1881-1920
1910-08-01,1910,Aug,-0.4,1881-1920
1910-09-01,1910,Sep,-0.42,1881-1920
1910-10-01,1910,Oct,-0.31,1881-1920
1910-11-01,1910,Nov,-0.61,1881-1920
1910-12-01,1910,Dec,-0.81,1881-1920
1911-01-01,1911,Jan,-0.69,1881-1920
1911-02-01,1911,Feb,-0.58,1881-1920
1911-03-01,1911,Mar,-0.62,1881-1920
1911-04-01,1911,Apr,-0.45,1881-1920
1911-05-01,1911,May,-0.45,1881-1920
1911-06-01,1911,Jun,-0.34,1881-1920
1911-07-01,1911,Jul,-0.38,1881-1920
1911-08-01,1911,Aug,-0.43,1881-1920
1911-09-01,1911,Sep,-0.38,1881-1920
1911-10-01,1911,Oct,-0.18,1881-1920
1911-11-01,1911,Nov,-0.19,1881-1920
1911-12-01,1911,Dec,-0.3,1881-1920
1912-01-01,1912,Jan,-0.35,1881-1920
1912-02-01,1912,Feb,-0.17,1881-1920
1912-03-01,1912,Mar,-0.61,1881-1920
1912-04-01,1912,Apr,-0.16,1881-1920
1912-05-01,1912,May,-0.13,1881-1920
1912-06-01,1912,Jun,-0.14,1881-1920
1912-07-01,1912,Jul,-0.52,1881-1920
1912-08-01,1912,Aug,-0.77,1881-1920
1912-09-01,1912,Sep,-0.8,1881-1920
1912-10-01,1912,Oct,-0.85,1881-1920
1912-11-01,1912,Nov,-0.51,1881-1920
1912-12-01,1912,Dec,-0.56,1881-1920
1913-01-01,1913,Jan,-0.56,1881-1920
1913-02-01,1913,Feb,-0.64,1881-1920
1913-03-01,1913,Mar,-0.47,1881-1920
1913-04-01,1913,Apr,-0.5,1881-1920
1913-05-01,1913,May,-0.54,1881-1920
1913-06-01,1913,Jun,-0.49,1881-1920
1913-07-01,1913,Jul,-0.52,1881-1920
1913-08-01,1913,Aug,-0.46,1881-1920
1913-09-01,1913,Sep,-0.41,1881-1920
1913-10-01,1913,Oct,-0.39,1881-1920
1913-11-01,1913,Nov,-0.14,1881-1920
1913-12-01,1913,Dec,0.11,1881-1920
1914-01-01,1914,Jan,0.17,1881-1920
1914-02-01,1914,Feb,-0.1,1881-1920
1914-03-01,1914,Mar,-0.35,1881-1920
1914-04-01,1914,Apr,-0.39,1881-1920
1914-05-01,1914,May,-0.18,1881-1920
1914-06-01,1914,Jun,-0.22,1881-1920
1914-07-01,1914,Jul,-0.33,1881-1920
1914-08-01,1914,Aug,-0.27,1881-1920
1914-09-01,1914,Sep,-0.29,1881-1920
1914-10-01,1914,Oct,0,1881-1920
1914-11-01,1914,Nov,-0.22,1881-1920
1914-12-01,1914,Dec,-0.05,1881-1920
1915-01-01,1915,Jan,-0.26,1881-1920
1915-02-01,1915,Feb,-0.09,1881-1920
1915-03-01,1915,Mar,-0.24,1881-1920
1915-04-01,1915,Apr,0.07,1881-1920
1915-05-01,1915,May,-0.02,1881-1920
1915-06-01,1915,Jun,-0.12,1881-1920
1915-07-01,1915,Jul,-0.1,1881-1920
1915-08-01,1915,Aug,-0.16,1881-1920
1915-09-01,1915,Sep,-0.21,1881-1920
1915-10-01,1915,Oct,-0.27,1881-1920
1915-11-01,1915,Nov,-0.03,1881-1920
1915-12-01,1915,Dec,-0.24,1881-1920
1916-01-01,1916,Jan,-0.09,1881-1920
1916-02-01,1916,Feb,-0.16,1881-1920
1916-03-01,1916,Mar,-0.38,1881-1920
1916-04-01,1916,Apr,-0.34,1881-1920
1916-05-01,1916,May,-0.37,1881-1920
1916-06-01,1916,Jun,-0.5,1881-1920
1916-07-01,1916,Jul,-0.34,1881-1920
1916-08-01,1916,Aug,-0.37,1881-1920
1916-09-01,1916,Sep,-0.49,1881-1920
1916-10-01,1916,Oct,-0.35,1881-1920
1916-11-01,1916,Nov,-0.46,1881-1920
1916-12-01,1916,Dec,-1.12,1881-1920
1917-01-01,1917,Jan,-0.52,1881-1920
1917-02-01,1917,Feb,-0.68,1881-1920
1917-03-01,1917,Mar,-0.74,1881-1920
1917-04-01,1917,Apr,-0.64,1881-1920
1917-05-01,1917,May,-0.72,1881-1920
1917-06-01,1917,Jun,-0.48,1881-1920
1917-07-01,1917,Jul,-0.32,1881-1920
1917-08-01,1917,Aug,-0.4,1881-1920
1917-09-01,1917,Sep,-0.3,1881-1920
1917-10-01,1917,Oct,-0.63,1881-1920
1917-11-01,1917,Nov,-0.31,1881-1920
1917-12-01,1917,Dec,-1.06,1881-1920
1918-01-01,1918,Jan,-0.69,1881-1920
1918-02-01,1918,Feb,-0.46,1881-1920
1918-03-01,1918,Mar,-0.26,1881-1920
1918-04-01,1918,Apr,-0.59,1881-1920
1918-05-01,1918,May,-0.49,1881-1920
1918-06-01,1918,Jun,-0.46,1881-1920
1918-07-01,1918,Jul,-0.34,1881-1920
1918-08-01,1918,Aug,-0.37,1881-1920
1918-09-01,1918,Sep,-0.25,1881-1920
1918-10-01,1918,Oct,-0.04,1881-1920
1918-11-01,1918,Nov,-0.22,1881-1920
1918-12-01,1918,Dec,-0.56,1881-1920
1919-01-01,1919,Jan,-0.38,1881-1920
1919-02-01,1919,Feb,-0.4,1881-1920
1919-03-01,1919,Mar,-0.37,1881-1920
1919-04-01,1919,Apr,-0.23,1881-1920
1919-05-01,1919,May,-0.42,1881-1920
1919-06-01,1919,Jun,-0.39,1881-1920
1919-07-01,1919,Jul,-0.34,1881-1920
1919-08-01,1919,Aug,-0.3,1881-1920
1919-09-01,1919,Sep,-0.19,1881-1920
1919-10-01,1919,Oct,-0.09,1881-1920
1919-11-01,1919,Nov,-0.48,1881-1920
1919-12-01,1919,Dec,-0.56,1881-1920
1920-01-01,1920,Jan,-0.15,1881-1920
1920-02-01,1920,Feb,-0.29,1881-1920
1920-03-01,1920,Mar,0,1881-1920
1920-04-01,1920,Apr,-0.21,1881-1920
1920-05-01,1920,May,-0.21,1881-1920
1920-06-01,1920,Jun,-0.26,1881-1920
1920-07-01,1920,Jul,-0.26,1881-1920
1920-08-01,1920,Aug,-0.31,1881-1920
1920-09-01,1920,Sep,-0.35,1881-1920
1920-10-01,1920,Oct,-0.4,1881-1920
1920-11-01,1920,Nov,-0.45,1881-1920
1920-12-01,1920,Dec,-0.72,1881-1920
1921-01-01,1921,Jan,0.18,1921-1950
1921-02-01,1921,Feb,-0.09,1921-1950
1921-03-01,1921,Mar,-0.11,1921-1950
1921-04-01,1921,Apr,-0.17,1921-1950
1921-05-01,1921,May,-0.25,1921-1950
1921-06-01,1921,Jun,-0.14,1921-1950
1921-07-01,1921,Jul,-0.03,1921-1950
1921-08-01,1921,Aug,-0.29,1921-1950
1921-09-01,1921,Sep,-0.17,1921-1950
1921-10-01,1921,Oct,0,1921-1950
1921-11-01,1921,Nov,-0.11,1921-1950
1921-12-01,1921,Dec,-0.12,1921-1950
1922-01-01,1922,Jan,-0.39,1921-1950
1922-02-01,1922,Feb,-0.63,1921-1950
1922-03-01,1922,Mar,-0.11,1921-1950
1922-04-01,1922,Apr,-0.16,1921-1950
1922-05-01,1922,May,-0.18,1921-1950
1922-06-01,1922,Jun,-0.15,1921-1950
1922-07-01,1922,Jul,-0.28,1921-1950
1922-08-01,1922,Aug,-0.37,1921-1950
1922-09-01,1922,Sep,-0.42,1921-1950
1922-10-01,1922,Oct,-0.3,1921-1950
1922-11-01,1922,Nov,-0.12,1921-1950
1922-12-01,1922,Dec,-0.16,1921-1950
1923-01-01,1923,Jan,-0.17,1921-1950
1923-02-01,1923,Feb,-0.47,1921-1950
1923-03-01,1923,Mar,-0.39,1921-1950
1923-04-01,1923,Apr,-0.53,1921-1950
1923-05-01,1923,May,-0.39,1921-1950
1923-06-01,1923,Jun,-0.24,1921-1950
1923-07-01,1923,Jul,-0.3,1921-1950
1923-08-01,1923,Aug,-0.29,1921-1950
1923-09-01,1923,Sep,-0.17,1921-1950
1923-10-01,1923,Oct,0.06,1921-1950
1923-11-01,1923,Nov,0.16,1921-1950
1923-12-01,1923,Dec,0.11,1921-1950
1924-01-01,1924,Jan,-0.27,1921-1950
1924-02-01,1924,Feb,-0.2,1921-1950
1924-03-01,1924,Mar,0.02,1921-1950
1924-04-01,1924,Apr,-0.26,1921-1950
1924-05-01,1924,May,-0.06,1921-1950
1924-06-01,1924,Jun,-0.19,1921-1950
1924-07-01,1924,Jul,-0.22,1921-1950
1924-08-01,1924,Aug,-0.27,1921-1950
1924-09-01,1924,Sep,-0.22,1921-1950
1924-10-01,1924,Oct,-0.24,1921-1950
1924-11-01,1924,Nov,0.12,1921-1950
1924-12-01,1924,Dec,-0.36,1921-1950
1925-01-01,1925,Jan,-0.26,1921-1950
1925-02-01,1925,Feb,-0.36,1921-1950
1925-03-01,1925,Mar,-0.22,1921-1950
1925-04-01,1925,Apr,-0.16,1921-1950
1925-05-01,1925,May,-0.21,1921-1950
1925-06-01,1925,Jun,-0.26,1921-1950
1925-07-01,1925,Jul,-0.26,1921-1950
1925-08-01,1925,Aug,-0.2,1921-1950
1925-09-01,1925,Sep,-0.05,1921-1950
1925-10-01,1925,Oct,-0.1,1921-1950
1925-11-01,1925,Nov,0.23,1921-1950
1925-12-01,1925,Dec,0.23,1921-1950
1926-01-01,1926,Jan,0.54,1921-1950
1926-02-01,1926,Feb,0.19,1921-1950
1926-03-01,1926,Mar,0.38,1921-1950
1926-04-01,1926,Apr,-0.13,1921-1950
1926-05-01,1926,May,-0.23,1921-1950
1926-06-01,1926,Jun,-0.2,1921-1950
1926-07-01,1926,Jul,-0.2,1921-1950
1926-08-01,1926,Aug,-0.06,1921-1950
1926-09-01,1926,Sep,-0.03,1921-1950
1926-10-01,1926,Oct,0.06,1921-1950
1926-11-01,1926,Nov,0.17,1921-1950
1926-12-01,1926,Dec,-0.3,1921-1950
1927-01-01,1927,Jan,-0.28,1921-1950
1927-02-01,1927,Feb,-0.07,1921-1950
1927-03-01,1927,Mar,-0.47,1921-1950
1927-04-01,1927,Apr,-0.26,1921-1950
1927-05-01,1927,May,-0.14,1921-1950
1927-06-01,1927,Jun,-0.14,1921-1950
1927-07-01,1927,Jul,-0.08,1921-1950
1927-08-01,1927,Aug,-0.16,1921-1950
1927-09-01,1927,Sep,0.03,1921-1950
1927-10-01,1927,Oct,0.25,1921-1950
1927-11-01,1927,Nov,0.1,1921-1950
1927-12-01,1927,Dec,-0.37,1921-1950
1928-01-01,1928,Jan,0.26,1921-1950
1928-02-01,1928,Feb,0.09,1921-1950
1928-03-01,1928,Mar,-0.22,1921-1950
1928-04-01,1928,Apr,-0.32,1921-1950
1928-05-01,1928,May,-0.17,1921-1950
1928-06-01,1928,Jun,-0.32,1921-1950
1928-07-01,1928,Jul,-0.11,1921-1950
1928-08-01,1928,Aug,-0.19,1921-1950
1928-09-01,1928,Sep,-0.15,1921-1950
1928-10-01,1928,Oct,-0.09,1921-1950
1928-11-01,1928,Nov,0.04,1921-1950
1928-12-01,1928,Dec,-0.03,1921-1950
1929-01-01,1929,Jan,-0.55,1921-1950
1929-02-01,1929,Feb,-0.78,1921-1950
1929-03-01,1929,Mar,-0.18,1921-1950
1929-04-01,1929,Apr,-0.35,1921-1950
1929-05-01,1929,May,-0.28,1921-1950
1929-06-01,1929,Jun,-0.39,1921-1950
1929-07-01,1929,Jul,-0.35,1921-1950
1929-08-01,1929,Aug,-0.2,1921-1950
1929-09-01,1929,Sep,-0.2,1921-1950
1929-10-01,1929,Oct,-0.02,1921-1950
1929-11-01,1929,Nov,-0.02,1921-1950
1929-12-01,1929,Dec,-0.65,1921-1950
1930-01-01,1930,Jan,-0.12,1921-1950
1930-02-01,1930,Feb,-0.18,1921-1950
1930-03-01,1930,Mar,0.12,1921-1950
1930-04-01,1930,Apr,-0.15,1921-1950
1930-05-01,1930,May,-0.19,1921-1950
1930-06-01,1930,Jun,-0.12,1921-1950
1930-07-01,1930,Jul,-0.03,1921-1950
1930-08-01,1930,Aug,0.02,1921-1950
1930-09-01,1930,Sep,-0.02,1921-1950
1930-10-01,1930,Oct,0.03,1921-1950
1930-11-01,1930,Nov,0.45,1921-1950
1930-12-01,1930,Dec,0.09,1921-1950
1931-01-01,1931,Jan,0.02,1921-1950
1931-02-01,1931,Feb,-0.22,1921-1950
1931-03-01,1931,Mar,-0.05,1921-1950
1931-04-01,1931,Apr,-0.2,1921-1950
1931-05-01,1931,May,-0.13,1921-1950
1931-06-01,1931,Jun,0.15,1921-1950
1931-07-01,1931,Jul,0.08,1921-1950
1931-08-01,1931,Aug,0.1,1921-1950
1931-09-01,1931,Sep,0.18,1921-1950
1931-10-01,1931,Oct,0.37,1921-1950
1931-11-01,1931,Nov,0.26,1921-1950
1931-12-01,1931,Dec,0.11,1921-1950
1932-01-01,1932,Jan,0.4,1921-1950
1932-02-01,1932,Feb,-0.18,1921-1950
1932-03-01,1932,Mar,-0.2,1921-1950
1932-04-01,1932,Apr,0.1,1921-1950
1932-05-01,1932,May,-0.1,1921-1950
1932-06-01,1932,Jun,-0.14,1921-1950
1932-07-01,1932,Jul,-0.14,1921-1950
1932-08-01,1932,Aug,-0.07,1921-1950
1932-09-01,1932,Sep,0.11,1921-1950
1932-10-01,1932,Oct,0.14,1921-1950
1932-11-01,1932,Nov,-0.32,1921-1950
1932-12-01,1932,Dec,-0.21,1921-1950
1933-01-01,1933,Jan,-0.17,1921-1950
1933-02-01,1933,Feb,-0.3,1921-1950
1933-03-01,1933,Mar,-0.3,1921-1950
1933-04-01,1933,Apr,-0.16,1921-1950
1933-05-01,1933,May,-0.25,1921-1950
1933-06-01,1933,Jun,-0.31,1921-1950
1933-07-01,1933,Jul,-0.13,1921-1950
1933-08-01,1933,Aug,-0.14,1921-1950
1933-09-01,1933,Sep,-0.27,1921-1950
1933-10-01,1933,Oct,-0.16,1921-1950
1933-11-01,1933,Nov,-0.23,1921-1950
1933-12-01,1933,Dec,-0.54,1921-1950
1934-01-01,1934,Jan,-0.13,1921-1950
1934-02-01,1934,Feb,0.33,1921-1950
1934-03-01,1934,Mar,-0.26,1921-1950
1934-04-01,1934,Apr,-0.28,1921-1950
1934-05-01,1934,May,0.09,1921-1950
1934-06-01,1934,Jun,-0.01,1921-1950
1934-07-01,1934,Jul,-0.03,1921-1950
1934-08-01,1934,Aug,-0.09,1921-1950
1934-09-01,1934,Sep,-0.13,1921-1950
1934-10-01,1934,Oct,0.13,1921-1950
1934-11-01,1934,Nov,0.27,1921-1950
1934-12-01,1934,Dec,0.18,1921-1950
1935-01-01,1935,Jan,-0.4,1921-1950
1935-02-01,1935,Feb,0.57,1921-1950
1935-03-01,1935,Mar,0.04,1921-1950
1935-04-01,1935,Apr,-0.35,1921-1950
1935-05-01,1935,May,-0.28,1921-1950
1935-06-01,1935,Jun,-0.14,1921-1950
1935-07-01,1935,Jul,-0.03,1921-1950
1935-08-01,1935,Aug,-0.06,1921-1950
1935-09-01,1935,Sep,-0.05,1921-1950
1935-10-01,1935,Oct,0.12,1921-1950
1935-11-01,1935,Nov,-0.31,1921-1950
1935-12-01,1935,Dec,-0.16,1921-1950
1936-01-01,1936,Jan,-0.28,1921-1950
1936-02-01,1936,Feb,-0.49,1921-1950
1936-03-01,1936,Mar,-0.11,1921-1950
1936-04-01,1936,Apr,-0.05,1921-1950
1936-05-01,1936,May,0,1921-1950
1936-06-01,1936,Jun,0.04,1921-1950
1936-07-01,1936,Jul,0.09,1921-1950
1936-08-01,1936,Aug,0.03,1921-1950
1936-09-01,1936,Sep,0.07,1921-1950
1936-10-01,1936,Oct,0.08,1921-1950
1936-11-01,1936,Nov,0.15,1921-1950
1936-12-01,1936,Dec,0.15,1921-1950
1937-01-01,1937,Jan,0.09,1921-1950
1937-02-01,1937,Feb,0.24,1921-1950
1937-03-01,1937,Mar,-0.23,1921-1950
1937-04-01,1937,Apr,-0.06,1921-1950
1937-05-01,1937,May,0.12,1921-1950
1937-06-01,1937,Jun,0.15,1921-1950
1937-07-01,1937,Jul,0.15,1921-1950
1937-08-01,1937,Aug,0.16,1921-1950
1937-09-01,1937,Sep,0.29,1921-1950
1937-10-01,1937,Oct,0.33,1921-1950
1937-11-01,1937,Nov,0.24,1921-1950
1937-12-01,1937,Dec,0,1921-1950
1938-01-01,1938,Jan,0.36,1921-1950
1938-02-01,1938,Feb,0.29,1921-1950
1938-03-01,1938,Mar,0.35,1921-1950
1938-04-01,1938,Apr,0.32,1921-1950
1938-05-01,1938,May,0.03,1921-1950
1938-06-01,1938,Jun,-0.07,1921-1950
1938-07-01,1938,Jul,-0.03,1921-1950
1938-08-01,1938,Aug,0.08,1921-1950
1938-09-01,1938,Sep,0.15,1921-1950
1938-10-01,1938,Oct,0.31,1921-1950
1938-11-01,1938,Nov,0.3,1921-1950
1938-12-01,1938,Dec,-0.13,1921-1950
1939-01-01,1939,Jan,0.03,1921-1950
1939-02-01,1939,Feb,-0.01,1921-1950
1939-03-01,1939,Mar,-0.24,1921-1950
1939-04-01,1939,Apr,-0.08,1921-1950
1939-05-01,1939,May,0.01,1921-1950
1939-06-01,1939,Jun,0,1921-1950
1939-07-01,1939,Jul,0.05,1921-1950
1939-08-01,1939,Aug,0.08,1921-1950
1939-09-01,1939,Sep,0.12,1921-1950
1939-10-01,1939,Oct,0.07,1921-1950
1939-11-01,1939,Nov,0.25,1921-1950
1939-12-01,1939,Dec,0.78,1921-1950
1940-01-01,1940,Jan,-0.1,1921-1950
1940-02-01,1940,Feb,0.14,1921-1950
1940-03-01,1940,Mar,0.03,1921-1950
1940-04-01,1940,Apr,0.28,1921-1950
1940-05-01,1940,May,0.16,1921-1950
1940-06-01,1940,Jun,0.16,1921-1950
1940-07-01,1940,Jul,0.15,1921-1950
1940-08-01,1940,Aug,0.07,1921-1950
1940-09-01,1940,Sep,0.26,1921-1950
1940-10-01,1940,Oct,0.28,1921-1950
1940-11-01,1940,Nov,0.3,1921-1950
1940-12-01,1940,Dec,0.36,1921-1950
1941-01-01,1941,Jan,0.18,1921-1950
1941-02-01,1941,Feb,0.47,1921-1950
1941-03-01,1941,Mar,0.12,1921-1950
1941-04-01,1941,Apr,0.13,1921-1950
1941-05-01,1941,May,0.23,1921-1950
1941-06-01,1941,Jun,0.21,1921-1950
1941-07-01,1941,Jul,0.25,1921-1950
1941-08-01,1941,Aug,0.19,1921-1950
1941-09-01,1941,Sep,0.1,1921-1950
1941-10-01,1941,Oct,0.5,1921-1950
1941-11-01,1941,Nov,0.18,1921-1950
1941-12-01,1941,Dec,0.19,1921-1950
1942-01-01,1942,Jan,0.4,1921-1950
1942-02-01,1942,Feb,-0.09,1921-1950
1942-03-01,1942,Mar,0,1921-1950
1942-04-01,1942,Apr,0.09,1921-1950
1942-05-01,1942,May,0.16,1921-1950
1942-06-01,1942,Jun,0.1,1921-1950
1942-07-01,1942,Jul,-0.01,1921-1950
1942-08-01,1942,Aug,-0.08,1921-1950
1942-09-01,1942,Sep,0.11,1921-1950
1942-10-01,1942,Oct,0.28,1921-1950
1942-11-01,1942,Nov,0.26,1921-1950
1942-12-01,1942,Dec,0.27,1921-1950
1943-01-01,1943,Jan,-0.09,1921-1950
1943-02-01,1943,Feb,0.38,1921-1950
1943-03-01,1943,Mar,-0.01,1921-1950
1943-04-01,1943,Apr,0.31,1921-1950
1943-05-01,1943,May,0.23,1921-1950
1943-06-01,1943,Jun,-0.07,1921-1950
1943-07-01,1943,Jul,-0.02,1921-1950
1943-08-01,1943,Aug,0.1,1921-1950
1943-09-01,1943,Sep,0.13,1921-1950
1943-10-01,1943,Oct,0.46,1921-1950
1943-11-01,1943,Nov,0.36,1921-1950
1943-12-01,1943,Dec,0.37,1921-1950
1944-01-01,1944,Jan,0.62,1921-1950
1944-02-01,1944,Feb,0.43,1921-1950
1944-03-01,1944,Mar,0.31,1921-1950
1944-04-01,1944,Apr,0.18,1921-1950
1944-05-01,1944,May,0.24,1921-1950
1944-06-01,1944,Jun,0.17,1921-1950
1944-07-01,1944,Jul,0.14,1921-1950
1944-08-01,1944,Aug,0.17,1921-1950
1944-09-01,1944,Sep,0.36,1921-1950
1944-10-01,1944,Oct,0.44,1921-1950
1944-11-01,1944,Nov,0.19,1921-1950
1944-12-01,1944,Dec,0,1921-1950
1945-01-01,1945,Jan,0.11,1921-1950
1945-02-01,1945,Feb,-0.05,1921-1950
1945-03-01,1945,Mar,0.1,1921-1950
1945-04-01,1945,Apr,0.29,1921-1950
1945-05-01,1945,May,0.08,1921-1950
1945-06-01,1945,Jun,0.08,1921-1950
1945-07-01,1945,Jul,0.07,1921-1950
1945-08-01,1945,Aug,0.28,1921-1950
1945-09-01,1945,Sep,0.2,1921-1950
1945-10-01,1945,Oct,0.24,1921-1950
1945-11-01,1945,Nov,0.09,1921-1950
1945-12-01,1945,Dec,-0.21,1921-1950
1946-01-01,1946,Jan,0.34,1921-1950
1946-02-01,1946,Feb,0.09,1921-1950
1946-03-01,1946,Mar,0.12,1921-1950
1946-04-01,1946,Apr,0.32,1921-1950
1946-05-01,1946,May,0.03,1921-1950
1946-06-01,1946,Jun,-0.05,1921-1950
1946-07-01,1946,Jul,-0.04,1921-1950
1946-08-01,1946,Aug,-0.1,1921-1950
1946-09-01,1946,Sep,-0.03,1921-1950
1946-10-01,1946,Oct,0.02,1921-1950
1946-11-01,1946,Nov,0.07,1921-1950
1946-12-01,1946,Dec,-0.45,1921-1950
1947-01-01,1947,Jan,-0.04,1921-1950
1947-02-01,1947,Feb,-0.03,1921-1950
1947-03-01,1947,Mar,0.29,1921-1950
1947-04-01,1947,Apr,0.23,1921-1950
1947-05-01,1947,May,0.07,1921-1950
1947-06-01,1947,Jun,0,1921-1950
1947-07-01,1947,Jul,-0.03,1921-1950
1947-08-01,1947,Aug,-0.04,1921-1950
1947-09-01,1947,Sep,-0.01,1921-1950
1947-10-01,1947,Oct,0.4,1921-1950
1947-11-01,1947,Nov,0.19,1921-1950
1947-12-01,1947,Dec,-0.05,1921-1950
1948-01-01,1948,Jan,0.3,1921-1950
1948-02-01,1948,Feb,-0.14,1921-1950
1948-03-01,1948,Mar,-0.27,1921-1950
1948-04-01,1948,Apr,-0.02,1921-1950
1948-05-01,1948,May,0.17,1921-1950
1948-06-01,1948,Jun,0.05,1921-1950
1948-07-01,1948,Jul,0.01,1921-1950
1948-08-01,1948,Aug,0.03,1921-1950
1948-09-01,1948,Sep,-0.03,1921-1950
1948-10-01,1948,Oct,0.08,1921-1950
1948-11-01,1948,Nov,0.04,1921-1950
1948-12-01,1948,Dec,-0.39,1921-1950
1949-01-01,1949,Jan,0.23,1921-1950
1949-02-01,1949,Feb,-0.09,1921-1950
1949-03-01,1949,Mar,0.04,1921-1950
1949-04-01,1949,Apr,-0.03,1921-1950
1949-05-01,1949,May,0,1921-1950
1949-06-01,1949,Jun,-0.2,1921-1950
1949-07-01,1949,Jul,-0.11,1921-1950
1949-08-01,1949,Aug,-0.05,1921-1950
1949-09-01,1949,Sep,-0.1,1921-1950
1949-10-01,1949,Oct,0.07,1921-1950
1949-11-01,1949,Nov,0.05,1921-1950
1949-12-01,1949,Dec,-0.14,1921-1950
1950-01-01,1950,Jan,-0.29,1921-1950
1950-02-01,1950,Feb,-0.27,1921-1950
1950-03-01,1950,Mar,0.06,1921-1950
1950-04-01,1950,Apr,-0.22,1921-1950
1950-05-01,1950,May,-0.04,1921-1950
1950-06-01,1950,Jun,-0.06,1921-1950
1950-07-01,1950,Jul,-0.18,1921-1950
1950-08-01,1950,Aug,-0.19,1921-1950
1950-09-01,1950,Sep,-0.09,1921-1950
1950-10-01,1950,Oct,-0.06,1921-1950
1950-11-01,1950,Nov,-0.34,1921-1950
1950-12-01,1950,Dec,-0.13,1921-1950
1951-01-01,1951,Jan,-0.36,1951-1980
1951-02-01,1951,Feb,-0.51,1951-1980
1951-03-01,1951,Mar,-0.18,1951-1980
1951-04-01,1951,Apr,0.06,1951-1980
1951-05-01,1951,May,0.17,1951-1980
1951-06-01,1951,Jun,-0.02,1951-1980
1951-07-01,1951,Jul,0.08,1951-1980
1951-08-01,1951,Aug,0.22,1951-1980
1951-09-01,1951,Sep,0.34,1951-1980
1951-10-01,1951,Oct,0.29,1951-1980
1951-11-01,1951,Nov,0.08,1951-1980
1951-12-01,1951,Dec,0.38,1951-1980
1952-01-01,1952,Jan,0.17,1951-1980
1952-02-01,1952,Feb,0.17,1951-1980
1952-03-01,1952,Mar,-0.22,1951-1980
1952-04-01,1952,Apr,0.18,1951-1980
1952-05-01,1952,May,0.15,1951-1980
1952-06-01,1952,Jun,0.16,1951-1980
1952-07-01,1952,Jul,0.14,1951-1980
1952-08-01,1952,Aug,0.07,1951-1980
1952-09-01,1952,Sep,0.14,1951-1980
1952-10-01,1952,Oct,-0.01,1951-1980
1952-11-01,1952,Nov,-0.21,1951-1980
1952-12-01,1952,Dec,0.01,1951-1980
1953-01-01,1953,Jan,0.24,1951-1980
1953-02-01,1953,Feb,0.38,1951-1980
1953-03-01,1953,Mar,0.26,1951-1980
1953-04-01,1953,Apr,0.41,1951-1980
1953-05-01,1953,May,0.25,1951-1980
1953-06-01,1953,Jun,0.25,1951-1980
1953-07-01,1953,Jul,0.22,1951-1980
1953-08-01,1953,Aug,0.18,1951-1980
1953-09-01,1953,Sep,0.17,1951-1980
1953-10-01,1953,Oct,0.27,1951-1980
1953-11-01,1953,Nov,0.09,1951-1980
1953-12-01,1953,Dec,0.23,1951-1980
1954-01-01,1954,Jan,-0.24,1951-1980
1954-02-01,1954,Feb,0,1951-1980
1954-03-01,1954,Mar,-0.17,1951-1980
1954-04-01,1954,Apr,-0.01,1951-1980
1954-05-01,1954,May,-0.07,1951-1980
1954-06-01,1954,Jun,-0.04,1951-1980
1954-07-01,1954,Jul,-0.11,1951-1980
1954-08-01,1954,Aug,-0.01,1951-1980
1954-09-01,1954,Sep,0.09,1951-1980
1954-10-01,1954,Oct,0.13,1951-1980
1954-11-01,1954,Nov,0.34,1951-1980
1954-12-01,1954,Dec,-0.11,1951-1980
1955-01-01,1955,Jan,0.43,1951-1980
1955-02-01,1955,Feb,-0.12,1951-1980
1955-03-01,1955,Mar,-0.43,1951-1980
1955-04-01,1955,Apr,-0.24,1951-1980
1955-05-01,1955,May,-0.13,1951-1980
1955-06-01,1955,Jun,-0.1,1951-1980
1955-07-01,1955,Jul,-0.05,1951-1980
1955-08-01,1955,Aug,0.07,1951-1980
1955-09-01,1955,Sep,-0.02,1951-1980
1955-10-01,1955,Oct,0.12,1951-1980
1955-11-01,1955,Nov,-0.34,1951-1980
1955-12-01,1955,Dec,-0.28,1951-1980
1956-01-01,1956,Jan,-0.04,1951-1980
1956-02-01,1956,Feb,-0.31,1951-1980
1956-03-01,1956,Mar,-0.23,1951-1980
1956-04-01,1956,Apr,-0.26,1951-1980
1956-05-01,1956,May,-0.3,1951-1980
1956-06-01,1956,Jun,-0.2,1951-1980
1956-07-01,1956,Jul,-0.2,1951-1980
1956-08-01,1956,Aug,-0.28,1951-1980
1956-09-01,1956,Sep,-0.32,1951-1980
1956-10-01,1956,Oct,-0.28,1951-1980
1956-11-01,1956,Nov,-0.26,1951-1980
1956-12-01,1956,Dec,-0.11,1951-1980
1957-01-01,1957,Jan,-0.13,1951-1980
1957-02-01,1957,Feb,-0.05,1951-1980
1957-03-01,1957,Mar,-0.1,1951-1980
1957-04-01,1957,Apr,-0.09,1951-1980
1957-05-01,1957,May,-0.06,1951-1980
1957-06-01,1957,Jun,0.12,1951-1980
1957-07-01,1957,Jul,0.11,1951-1980
1957-08-01,1957,Aug,0.16,1951-1980
1957-09-01,1957,Sep,0.12,1951-1980
1957-10-01,1957,Oct,0.06,1951-1980
1957-11-01,1957,Nov,0.12,1951-1980
1957-12-01,1957,Dec,0.24,1951-1980
1958-01-01,1958,Jan,0.68,1951-1980
1958-02-01,1958,Feb,0.28,1951-1980
1958-03-01,1958,Mar,0.16,1951-1980
1958-04-01,1958,Apr,0.02,1951-1980
1958-05-01,1958,May,0.12,1951-1980
1958-06-01,1958,Jun,0.05,1951-1980
1958-07-01,1958,Jul,0.05,1951-1980
1958-08-01,1958,Aug,0.13,1951-1980
1958-09-01,1958,Sep,0.07,1951-1980
1958-10-01,1958,Oct,0.08,1951-1980
1958-11-01,1958,Nov,0.03,1951-1980
1958-12-01,1958,Dec,0.18,1951-1980
1959-01-01,1959,Jan,0.24,1951-1980
1959-02-01,1959,Feb,0.16,1951-1980
1959-03-01,1959,Mar,0.33,1951-1980
1959-04-01,1959,Apr,0.22,1951-1980
1959-05-01,1959,May,0.04,1951-1980
1959-06-01,1959,Jun,0.14,1951-1980
1959-07-01,1959,Jul,0.05,1951-1980
1959-08-01,1959,Aug,0.1,1951-1980
1959-09-01,1959,Sep,0.13,1951-1980
1959-10-01,1959,Oct,-0.04,1951-1980
1959-11-01,1959,Nov,0.03,1951-1980
1959-12-01,1959,Dec,0.1,1951-1980
1960-01-01,1960,Jan,0.15,1951-1980
1960-02-01,1960,Feb,0.42,1951-1980
1960-03-01,1960,Mar,-0.4,1951-1980
1960-04-01,1960,Apr,-0.13,1951-1980
1960-05-01,1960,May,0.03,1951-1980
1960-06-01,1960,Jun,0.18,1951-1980
1960-07-01,1960,Jul,0.09,1951-1980
1960-08-01,1960,Aug,0.11,1951-1980
1960-09-01,1960,Sep,0.12,1951-1980
1960-10-01,1960,Oct,0.05,1951-1980
1960-11-01,1960,Nov,-0.08,1951-1980
1960-12-01,1960,Dec,0.39,1951-1980
1961-01-01,1961,Jan,0.17,1951-1980
1961-02-01,1961,Feb,0.29,1951-1980
1961-03-01,1961,Mar,0.22,1951-1980
1961-04-01,1961,Apr,0.14,1951-1980
1961-05-01,1961,May,0.07,1951-1980
1961-06-01,1961,Jun,0.18,1951-1980
1961-07-01,1961,Jul,0.06,1951-1980
1961-08-01,1961,Aug,0.05,1951-1980
1961-09-01,1961,Sep,-0.03,1951-1980
1961-10-01,1961,Oct,-0.04,1951-1980
1961-11-01,1961,Nov,0.07,1951-1980
1961-12-01,1961,Dec,-0.17,1951-1980
1962-01-01,1962,Jan,0.27,1951-1980
1962-02-01,1962,Feb,0.36,1951-1980
1962-03-01,1962,Mar,0.3,1951-1980
1962-04-01,1962,Apr,0.22,1951-1980
1962-05-01,1962,May,0.02,1951-1980
1962-06-01,1962,Jun,-0.13,1951-1980
1962-07-01,1962,Jul,0.1,1951-1980
1962-08-01,1962,Aug,0.03,1951-1980
1962-09-01,1962,Sep,-0.02,1951-1980
1962-10-01,1962,Oct,0.13,1951-1980
1962-11-01,1962,Nov,0.12,1951-1980
1962-12-01,1962,Dec,0.1,1951-1980
1963-01-01,1963,Jan,0.07,1951-1980
1963-02-01,1963,Feb,0.5,1951-1980
1963-03-01,1963,Mar,-0.12,1951-1980
1963-04-01,1963,Apr,0.04,1951-1980
1963-05-01,1963,May,-0.05,1951-1980
1963-06-01,1963,Jun,-0.04,1951-1980
1963-07-01,1963,Jul,0.1,1951-1980
1963-08-01,1963,Aug,0.14,1951-1980
1963-09-01,1963,Sep,0.13,1951-1980
1963-10-01,1963,Oct,0.42,1951-1980
1963-11-01,1963,Nov,0.43,1951-1980
1963-12-01,1963,Dec,0.02,1951-1980
1964-01-01,1964,Jan,-0.04,1951-1980
1964-02-01,1964,Feb,-0.02,1951-1980
1964-03-01,1964,Mar,-0.32,1951-1980
1964-04-01,1964,Apr,-0.3,1951-1980
1964-05-01,1964,May,-0.1,1951-1980
1964-06-01,1964,Jun,-0.09,1951-1980
1964-07-01,1964,Jul,-0.13,1951-1980
1964-08-01,1964,Aug,-0.23,1951-1980
1964-09-01,1964,Sep,-0.28,1951-1980
1964-10-01,1964,Oct,-0.31,1951-1980
1964-11-01,1964,Nov,-0.21,1951-1980
1964-12-01,1964,Dec,-0.27,1951-1980
1965-01-01,1965,Jan,-0.02,1951-1980
1965-02-01,1965,Feb,-0.37,1951-1980
1965-03-01,1965,Mar,-0.1,1951-1980
1965-04-01,1965,Apr,-0.26,1951-1980
1965-05-01,1965,May,-0.14,1951-1980
1965-06-01,1965,Jun,-0.2,1951-1980
1965-07-01,1965,Jul,-0.18,1951-1980
1965-08-01,1965,Aug,-0.2,1951-1980
1965-09-01,1965,Sep,-0.2,1951-1980
1965-10-01,1965,Oct,-0.02,1951-1980
1965-11-01,1965,Nov,0.04,1951-1980
1965-12-01,1965,Dec,-0.08,1951-1980
1966-01-01,1966,Jan,-0.25,1951-1980
1966-02-01,1966,Feb,0.03,1951-1980
1966-03-01,1966,Mar,0,1951-1980
1966-04-01,1966,Apr,-0.22,1951-1980
1966-05-01,1966,May,-0.05,1951-1980
1966-06-01,1966,Jun,0.06,1951-1980
1966-07-01,1966,Jul,0.11,1951-1980
1966-08-01,1966,Aug,0.14,1951-1980
1966-09-01,1966,Sep,0.07,1951-1980
1966-10-01,1966,Oct,-0.1,1951-1980
1966-11-01,1966,Nov,0.02,1951-1980
1966-12-01,1966,Dec,-0.03,1951-1980
1967-01-01,1967,Jan,-0.18,1951-1980
1967-02-01,1967,Feb,-0.37,1951-1980
1967-03-01,1967,Mar,0.23,1951-1980
1967-04-01,1967,Apr,0.05,1951-1980
1967-05-01,1967,May,0.21,1951-1980
1967-06-01,1967,Jun,-0.06,1951-1980
1967-07-01,1967,Jul,0.04,1951-1980
1967-08-01,1967,Aug,0.06,1951-1980
1967-09-01,1967,Sep,-0.02,1951-1980
1967-10-01,1967,Oct,0.3,1951-1980
1967-11-01,1967,Nov,0.04,1951-1980
1967-12-01,1967,Dec,0.02,1951-1980
1968-01-01,1968,Jan,-0.29,1951-1980
1968-02-01,1968,Feb,-0.16,1951-1980
1968-03-01,1968,Mar,0.44,1951-1980
1968-04-01,1968,Apr,0,1951-1980
1968-05-01,1968,May,-0.06,1951-1980
1968-06-01,1968,Jun,-0.05,1951-1980
1968-07-01,1968,Jul,-0.08,1951-1980
1968-08-01,1968,Aug,-0.08,1951-1980
1968-09-01,1968,Sep,-0.04,1951-1980
1968-10-01,1968,Oct,-0.01,1951-1980
1968-11-01,1968,Nov,-0.22,1951-1980
1968-12-01,1968,Dec,-0.33,1951-1980
1969-01-01,1969,Jan,-0.43,1951-1980
1969-02-01,1969,Feb,-0.46,1951-1980
1969-03-01,1969,Mar,-0.2,1951-1980
1969-04-01,1969,Apr,0.04,1951-1980
1969-05-01,1969,May,0.11,1951-1980
1969-06-01,1969,Jun,-0.04,1951-1980
1969-07-01,1969,Jul,0.06,1951-1980
1969-08-01,1969,Aug,0.05,1951-1980
1969-09-01,1969,Sep,0.04,1951-1980
1969-10-01,1969,Oct,0.03,1951-1980
1969-11-01,1969,Nov,0.15,1951-1980
1969-12-01,1969,Dec,0.31,1951-1980
1970-01-01,1970,Jan,-0.03,1951-1980
1970-02-01,1970,Feb,0.27,1951-1980
1970-03-01,1970,Mar,-0.07,1951-1980
1970-04-01,1970,Apr,-0.02,1951-1980
1970-05-01,1970,May,0,1951-1980
1970-06-01,1970,Jun,0.02,1951-1980
1970-07-01,1970,Jul,-0.04,1951-1980
1970-08-01,1970,Aug,-0.05,1951-1980
1970-09-01,1970,Sep,-0.05,1951-1980
1970-10-01,1970,Oct,-0.2,1951-1980
1970-11-01,1970,Nov,0.01,1951-1980
1970-12-01,1970,Dec,-0.31,1951-1980
1971-01-01,1971,Jan,-0.15,1951-1980
1971-02-01,1971,Feb,-0.21,1951-1980
1971-03-01,1971,Mar,-0.28,1951-1980
1971-04-01,1971,Apr,-0.2,1951-1980
1971-05-01,1971,May,-0.12,1951-1980
1971-06-01,1971,Jun,-0.14,1951-1980
1971-07-01,1971,Jul,-0.13,1951-1980
1971-08-01,1971,Aug,-0.16,1951-1980
1971-09-01,1971,Sep,-0.14,1951-1980
1971-10-01,1971,Oct,-0.16,1951-1980
1971-11-01,1971,Nov,-0.02,1951-1980
1971-12-01,1971,Dec,-0.14,1951-1980
1972-01-01,1972,Jan,-0.54,1951-1980
1972-02-01,1972,Feb,-0.52,1951-1980
1972-03-01,1972,Mar,0.01,1951-1980
1972-04-01,1972,Apr,-0.12,1951-1980
1972-05-01,1972,May,-0.15,1951-1980
1972-06-01,1972,Jun,-0.1,1951-1980
1972-07-01,1972,Jul,-0.05,1951-1980
1972-08-01,1972,Aug,-0.09,1951-1980
1972-09-01,1972,Sep,-0.26,1951-1980
1972-10-01,1972,Oct,-0.04,1951-1980
1972-11-01,1972,Nov,-0.2,1951-1980
1972-12-01,1972,Dec,-0.04,1951-1980
1973-01-01,1973,Jan,0.15,1951-1980
1973-02-01,1973,Feb,0.44,1951-1980
1973-03-01,1973,Mar,0.31,1951-1980
1973-04-01,1973,Apr,0.19,1951-1980
1973-05-01,1973,May,0.09,1951-1980
1973-06-01,1973,Jun,0.16,1951-1980
1973-07-01,1973,Jul,0.04,1951-1980
1973-08-01,1973,Aug,0.03,1951-1980
1973-09-01,1973,Sep,-0.08,1951-1980
1973-10-01,1973,Oct,-0.08,1951-1980
1973-11-01,1973,Nov,-0.1,1951-1980
1973-12-01,1973,Dec,-0.04,1951-1980
1974-01-01,1974,Jan,-0.25,1951-1980
1974-02-01,1974,Feb,-0.35,1951-1980
1974-03-01,1974,Mar,0.03,1951-1980
1974-04-01,1974,Apr,-0.1,1951-1980
1974-05-01,1974,May,-0.19,1951-1980
1974-06-01,1974,Jun,-0.18,1951-1980
1974-07-01,1974,Jul,-0.13,1951-1980
1974-08-01,1974,Aug,-0.11,1951-1980
1974-09-01,1974,Sep,-0.16,1951-1980
1974-10-01,1974,Oct,-0.23,1951-1980
1974-11-01,1974,Nov,-0.21,1951-1980
1974-12-01,1974,Dec,-0.27,1951-1980
1975-01-01,1975,Jan,0.16,1951-1980
1975-02-01,1975,Feb,0.09,1951-1980
1975-03-01,1975,Mar,0.1,1951-1980
1975-04-01,1975,Apr,0.05,1951-1980
1975-05-01,1975,May,-0.02,1951-1980
1975-06-01,1975,Jun,-0.08,1951-1980
1975-07-01,1975,Jul,-0.06,1951-1980
1975-08-01,1975,Aug,-0.14,1951-1980
1975-09-01,1975,Sep,-0.08,1951-1980
1975-10-01,1975,Oct,-0.18,1951-1980
1975-11-01,1975,Nov,-0.3,1951-1980
1975-12-01,1975,Dec,-0.22,1951-1980
1976-01-01,1976,Jan,0.05,1951-1980
1976-02-01,1976,Feb,-0.12,1951-1980
1976-03-01,1976,Mar,-0.31,1951-1980
1976-04-01,1976,Apr,0.02,1951-1980
1976-05-01,1976,May,-0.26,1951-1980
1976-06-01,1976,Jun,-0.2,1951-1980
1976-07-01,1976,Jul,-0.27,1951-1980
1976-08-01,1976,Aug,-0.21,1951-1980
1976-09-01,1976,Sep,-0.13,1951-1980
1976-10-01,1976,Oct,-0.51,1951-1980
1976-11-01,1976,Nov,-0.32,1951-1980
1976-12-01,1976,Dec,-0.26,1951-1980
1977-01-01,1977,Jan,-0.16,1951-1980
1977-02-01,1977,Feb,0.11,1951-1980
1977-03-01,1977,Mar,0.26,1951-1980
1977-04-01,1977,Apr,0.25,1951-1980
1977-05-01,1977,May,0.23,1951-1980
1977-06-01,1977,Jun,0.22,1951-1980
1977-07-01,1977,Jul,0.08,1951-1980
1977-08-01,1977,Aug,0.02,1951-1980
1977-09-01,1977,Sep,0.12,1951-1980
1977-10-01,1977,Oct,-0.02,1951-1980
1977-11-01,1977,Nov,0.27,1951-1980
1977-12-01,1977,Dec,0.02,1951-1980
1978-01-01,1978,Jan,0.16,1951-1980
1978-02-01,1978,Feb,0.04,1951-1980
1978-03-01,1978,Mar,0.21,1951-1980
1978-04-01,1978,Apr,0.07,1951-1980
1978-05-01,1978,May,-0.06,1951-1980
1978-06-01,1978,Jun,-0.14,1951-1980
1978-07-01,1978,Jul,-0.08,1951-1980
1978-08-01,1978,Aug,-0.14,1951-1980
1978-09-01,1978,Sep,-0.01,1951-1980
1978-10-01,1978,Oct,0,1951-1980
1978-11-01,1978,Nov,0.16,1951-1980
1978-12-01,1978,Dec,0.02,1951-1980
1979-01-01,1979,Jan,-0.05,1951-1980
1979-02-01,1979,Feb,-0.35,1951-1980
1979-03-01,1979,Mar,0.18,1951-1980
1979-04-01,1979,Apr,-0.17,1951-1980
1979-05-01,1979,May,0.01,1951-1980
1979-06-01,1979,Jun,0.07,1951-1980
1979-07-01,1979,Jul,0.05,1951-1980
1979-08-01,1979,Aug,0.04,1951-1980
1979-09-01,1979,Sep,0.19,1951-1980
1979-10-01,1979,Oct,0.23,1951-1980
1979-11-01,1979,Nov,0.24,1951-1980
1979-12-01,1979,Dec,0.54,1951-1980
1980-01-01,1980,Jan,0.21,1951-1980
1980-02-01,1980,Feb,0.4,1951-1980
1980-03-01,1980,Mar,0.07,1951-1980
1980-04-01,1980,Apr,0.15,1951-1980
1980-05-01,1980,May,0.25,1951-1980
1980-06-01,1980,Jun,0.18,1951-1980
1980-07-01,1980,Jul,0.13,1951-1980
1980-08-01,1980,Aug,0.09,1951-1980
1980-09-01,1980,Sep,0.1,1951-1980
1980-10-01,1980,Oct,0.11,1951-1980
1980-11-01,1980,Nov,0.2,1951-1980
1980-12-01,1980,Dec,0.09,1951-1980
1981-01-01,1981,Jan,0.79,1981-2010
1981-02-01,1981,Feb,0.62,1981-2010
1981-03-01,1981,Mar,0.67,1981-2010
1981-04-01,1981,Apr,0.39,1981-2010
1981-05-01,1981,May,0.18,1981-2010
1981-06-01,1981,Jun,0.28,1981-2010
1981-07-01,1981,Jul,0.09,1981-2010
1981-08-01,1981,Aug,0.16,1981-2010
1981-09-01,1981,Sep,0.14,1981-2010
1981-10-01,1981,Oct,0.23,1981-2010
1981-11-01,1981,Nov,0.35,1981-2010
1981-12-01,1981,Dec,0.54,1981-2010
1982-01-01,1982,Jan,-0.14,1981-2010
1982-02-01,1982,Feb,0.16,1981-2010
1982-03-01,1982,Mar,0.06,1981-2010
1982-04-01,1982,Apr,0.17,1981-2010
1982-05-01,1982,May,0.09,1981-2010
1982-06-01,1982,Jun,0.01,1981-2010
1982-07-01,1982,Jul,0.04,1981-2010
1982-08-01,1982,Aug,-0.07,1981-2010
1982-09-01,1982,Sep,0.06,1981-2010
1982-10-01,1982,Oct,0,1981-2010
1982-11-01,1982,Nov,-0.11,1981-2010
1982-12-01,1982,Dec,0.38,1981-2010
1983-01-01,1983,Jan,0.55,1981-2010
1983-02-01,1983,Feb,0.35,1981-2010
1983-03-01,1983,Mar,0.42,1981-2010
1983-04-01,1983,Apr,0.06,1981-2010
1983-05-01,1983,May,0.05,1981-2010
1983-06-01,1983,Jun,0.11,1981-2010
1983-07-01,1983,Jul,0.2,1981-2010
1983-08-01,1983,Aug,0.25,1981-2010
1983-09-01,1983,Sep,0.26,1981-2010
1983-10-01,1983,Oct,0.12,1981-2010
1983-11-01,1983,Nov,0.49,1981-2010
1983-12-01,1983,Dec,0.11,1981-2010
1984-01-01,1984,Jan,0.33,1981-2010
1984-02-01,1984,Feb,0.02,1981-2010
1984-03-01,1984,Mar,0.18,1981-2010
1984-04-01,1984,Apr,-0.07,1981-2010
1984-05-01,1984,May,0.23,1981-2010
1984-06-01,1984,Jun,0.09,1981-2010
1984-07-01,1984,Jul,0.09,1981-2010
1984-08-01,1984,Aug,0.06,1981-2010
1984-09-01,1984,Sep,-0.04,1981-2010
1984-10-01,1984,Oct,0.08,1981-2010
1984-11-01,1984,Nov,-0.1,1981-2010
1984-12-01,1984,Dec,-0.42,1981-2010
1985-01-01,1985,Jan,0.07,1981-2010
1985-02-01,1985,Feb,-0.29,1981-2010
1985-03-01,1985,Mar,0,1981-2010
1985-04-01,1985,Apr,-0.04,1981-2010
1985-05-01,1985,May,0.09,1981-2010
1985-06-01,1985,Jun,0,1981-2010
1985-07-01,1985,Jul,-0.08,1981-2010
1985-08-01,1985,Aug,-0.02,1981-2010
1985-09-01,1985,Sep,0.03,1981-2010
1985-10-01,1985,Oct,0.02,1981-2010
1985-11-01,1985,Nov,0.02,1981-2010
1985-12-01,1985,Dec,0.16,1981-2010
1986-01-01,1986,Jan,0.36,1981-2010
1986-02-01,1986,Feb,0.31,1981-2010
1986-03-01,1986,Mar,0.26,1981-2010
1986-04-01,1986,Apr,0.15,1981-2010
1986-05-01,1986,May,0.2,1981-2010
1986-06-01,1986,Jun,0.14,1981-2010
1986-07-01,1986,Jul,-0.02,1981-2010
1986-08-01,1986,Aug,0.04,1981-2010
1986-09-01,1986,Sep,-0.02,1981-2010
1986-10-01,1986,Oct,0.09,1981-2010
1986-11-01,1986,Nov,0.04,1981-2010
1986-12-01,1986,Dec,0.06,1981-2010
1987-01-01,1987,Jan,0.24,1981-2010
1987-02-01,1987,Feb,0.5,1981-2010
1987-03-01,1987,Mar,0,1981-2010
1987-04-01,1987,Apr,0.07,1981-2010
1987-05-01,1987,May,0.23,1981-2010
1987-06-01,1987,Jun,0.16,1981-2010
1987-07-01,1987,Jul,0.25,1981-2010
1987-08-01,1987,Aug,0.27,1981-2010
1987-09-01,1987,Sep,0.39,1981-2010
1987-10-01,1987,Oct,0.22,1981-2010
1987-11-01,1987,Nov,0.1,1981-2010
1987-12-01,1987,Dec,0.5,1981-2010
1988-01-01,1988,Jan,0.59,1981-2010
1988-02-01,1988,Feb,0.46,1981-2010
1988-03-01,1988,Mar,0.47,1981-2010
1988-04-01,1988,Apr,0.44,1981-2010
1988-05-01,1988,May,0.43,1981-2010
1988-06-01,1988,Jun,0.4,1981-2010
1988-07-01,1988,Jul,0.42,1981-2010
1988-08-01,1988,Aug,0.26,1981-2010
1988-09-01,1988,Sep,0.26,1981-2010
1988-10-01,1988,Oct,0.23,1981-2010
1988-11-01,1988,Nov,0.05,1981-2010
1988-12-01,1988,Dec,0.43,1981-2010
1989-01-01,1989,Jan,0.08,1981-2010
1989-02-01,1989,Feb,0.39,1981-2010
1989-03-01,1989,Mar,0.45,1981-2010
1989-04-01,1989,Apr,0.32,1981-2010
1989-05-01,1989,May,0.22,1981-2010
1989-06-01,1989,Jun,0.24,1981-2010
1989-07-01,1989,Jul,0.31,1981-2010
1989-08-01,1989,Aug,0.26,1981-2010
1989-09-01,1989,Sep,0.23,1981-2010
1989-10-01,1989,Oct,0.25,1981-2010
1989-11-01,1989,Nov,0.11,1981-2010
1989-12-01,1989,Dec,0.33,1981-2010
1990-01-01,1990,Jan,0.47,1981-2010
1990-02-01,1990,Feb,0.54,1981-2010
1990-03-01,1990,Mar,1.16,1981-2010
1990-04-01,1990,Apr,0.71,1981-2010
1990-05-01,1990,May,0.5,1981-2010
1990-06-01,1990,Jun,0.47,1981-2010
1990-07-01,1990,Jul,0.32,1981-2010
1990-08-01,1990,Aug,0.4,1981-2010
1990-09-01,1990,Sep,0.42,1981-2010
1990-10-01,1990,Oct,0.48,1981-2010
1990-11-01,1990,Nov,0.46,1981-2010
1990-12-01,1990,Dec,0.38,1981-2010
1991-01-01,1991,Jan,0.59,1981-2010
1991-02-01,1991,Feb,0.57,1981-2010
1991-03-01,1991,Mar,0.45,1981-2010
1991-04-01,1991,Apr,0.56,1981-2010
1991-05-01,1991,May,0.33,1981-2010
1991-06-01,1991,Jun,0.47,1981-2010
1991-07-01,1991,Jul,0.43,1981-2010
1991-08-01,1991,Aug,0.35,1981-2010
1991-09-01,1991,Sep,0.35,1981-2010
1991-10-01,1991,Oct,0.29,1981-2010
1991-11-01,1991,Nov,0.32,1981-2010
1991-12-01,1991,Dec,0.2,1981-2010
1992-01-01,1992,Jan,0.6,1981-2010
1992-02-01,1992,Feb,0.49,1981-2010
1992-03-01,1992,Mar,0.54,1981-2010
1992-04-01,1992,Apr,0.16,1981-2010
1992-05-01,1992,May,0.19,1981-2010
1992-06-01,1992,Jun,0.04,1981-2010
1992-07-01,1992,Jul,-0.1,1981-2010
1992-08-01,1992,Aug,-0.08,1981-2010
1992-09-01,1992,Sep,-0.18,1981-2010
1992-10-01,1992,Oct,-0.18,1981-2010
1992-11-01,1992,Nov,-0.09,1981-2010
1992-12-01,1992,Dec,0.21,1981-2010
1993-01-01,1993,Jan,0.38,1981-2010
1993-02-01,1993,Feb,0.52,1981-2010
1993-03-01,1993,Mar,0.38,1981-2010
1993-04-01,1993,Apr,0.23,1981-2010
1993-05-01,1993,May,0.31,1981-2010
1993-06-01,1993,Jun,0.22,1981-2010
1993-07-01,1993,Jul,0.12,1981-2010
1993-08-01,1993,Aug,0.02,1981-2010
1993-09-01,1993,Sep,-0.07,1981-2010
1993-10-01,1993,Oct,0.12,1981-2010
1993-11-01,1993,Nov,-0.21,1981-2010
1993-12-01,1993,Dec,0.22,1981-2010
1994-01-01,1994,Jan,0.33,1981-2010
1994-02-01,1994,Feb,-0.05,1981-2010
1994-03-01,1994,Mar,0.49,1981-2010
1994-04-01,1994,Apr,0.48,1981-2010
1994-05-01,1994,May,0.39,1981-2010
1994-06-01,1994,Jun,0.41,1981-2010
1994-07-01,1994,Jul,0.33,1981-2010
1994-08-01,1994,Aug,0.32,1981-2010
1994-09-01,1994,Sep,0.32,1981-2010
1994-10-01,1994,Oct,0.54,1981-2010
1994-11-01,1994,Nov,0.5,1981-2010
1994-12-01,1994,Dec,0.36,1981-2010
1995-01-01,1995,Jan,0.75,1981-2010
1995-02-01,1995,Feb,1.19,1981-2010
1995-03-01,1995,Mar,0.59,1981-2010
1995-04-01,1995,Apr,0.71,1981-2010
1995-05-01,1995,May,0.41,1981-2010
1995-06-01,1995,Jun,0.5,1981-2010
1995-07-01,1995,Jul,0.37,1981-2010
1995-08-01,1995,Aug,0.53,1981-2010
1995-09-01,1995,Sep,0.43,1981-2010
1995-10-01,1995,Oct,0.59,1981-2010
1995-11-01,1995,Nov,0.57,1981-2010
1995-12-01,1995,Dec,0.26,1981-2010
1996-01-01,1996,Jan,0.26,1981-2010
1996-02-01,1996,Feb,0.54,1981-2010
1996-03-01,1996,Mar,0.32,1981-2010
1996-04-01,1996,Apr,0.17,1981-2010
1996-05-01,1996,May,0.35,1981-2010
1996-06-01,1996,Jun,0.25,1981-2010
1996-07-01,1996,Jul,0.29,1981-2010
1996-08-01,1996,Aug,0.18,1981-2010
1996-09-01,1996,Sep,0.03,1981-2010
1996-10-01,1996,Oct,0.04,1981-2010
1996-11-01,1996,Nov,0.35,1981-2010
1996-12-01,1996,Dec,0.34,1981-2010
1997-01-01,1997,Jan,0.36,1981-2010
1997-02-01,1997,Feb,0.59,1981-2010
1997-03-01,1997,Mar,0.74,1981-2010
1997-04-01,1997,Apr,0.48,1981-2010
1997-05-01,1997,May,0.42,1981-2010
1997-06-01,1997,Jun,0.48,1981-2010
1997-07-01,1997,Jul,0.41,1981-2010
1997-08-01,1997,Aug,0.48,1981-2010
1997-09-01,1997,Sep,0.51,1981-2010
1997-10-01,1997,Oct,0.63,1981-2010
1997-11-01,1997,Nov,0.59,1981-2010
1997-12-01,1997,Dec,0.51,1981-2010
1998-01-01,1998,Jan,0.62,1981-2010
1998-02-01,1998,Feb,1.03,1981-2010
1998-03-01,1998,Mar,0.71,1981-2010
1998-04-01,1998,Apr,0.87,1981-2010
1998-05-01,1998,May,0.66,1981-2010
1998-06-01,1998,Jun,0.72,1981-2010
1998-07-01,1998,Jul,0.74,1981-2010
1998-08-01,1998,Aug,0.72,1981-2010
1998-09-01,1998,Sep,0.61,1981-2010
1998-10-01,1998,Oct,0.53,1981-2010
1998-11-01,1998,Nov,0.48,1981-2010
1998-12-01,1998,Dec,0.73,1981-2010
1999-01-01,1999,Jan,0.59,1981-2010
1999-02-01,1999,Feb,1,1981-2010
1999-03-01,1999,Mar,0.29,1981-2010
1999-04-01,1999,Apr,0.53,1981-2010
1999-05-01,1999,May,0.36,1981-2010
1999-06-01,1999,Jun,0.34,1981-2010
1999-07-01,1999,Jul,0.35,1981-2010
1999-08-01,1999,Aug,0.3,1981-2010
1999-09-01,1999,Sep,0.4,1981-2010
1999-10-01,1999,Oct,0.39,1981-2010
1999-11-01,1999,Nov,0.53,1981-2010
1999-12-01,1999,Dec,0.66,1981-2010
2000-01-01,2000,Jan,0.38,1981-2010
2000-02-01,2000,Feb,0.89,1981-2010
2000-03-01,2000,Mar,0.83,1981-2010
2000-04-01,2000,Apr,0.88,1981-2010
2000-05-01,2000,May,0.54,1981-2010
2000-06-01,2000,Jun,0.43,1981-2010
2000-07-01,2000,Jul,0.41,1981-2010
2000-08-01,2000,Aug,0.47,1981-2010
2000-09-01,2000,Sep,0.36,1981-2010
2000-10-01,2000,Oct,0.29,1981-2010
2000-11-01,2000,Nov,0.19,1981-2010
2000-12-01,2000,Dec,0.27,1981-2010
2001-01-01,2001,Jan,0.56,1981-2010
2001-02-01,2001,Feb,0.45,1981-2010
2001-03-01,2001,Mar,0.75,1981-2010
2001-04-01,2001,Apr,0.59,1981-2010
2001-05-01,2001,May,0.68,1981-2010
2001-06-01,2001,Jun,0.51,1981-2010
2001-07-01,2001,Jul,0.63,1981-2010
2001-08-01,2001,Aug,0.68,1981-2010
2001-09-01,2001,Sep,0.56,1981-2010
2001-10-01,2001,Oct,0.6,1981-2010
2001-11-01,2001,Nov,0.97,1981-2010
2001-12-01,2001,Dec,0.65,1981-2010
2002-01-01,2002,Jan,1.01,1981-2010
2002-02-01,2002,Feb,1.14,1981-2010
2002-03-01,2002,Mar,1.11,1981-2010
2002-04-01,2002,Apr,0.51,1981-2010
2002-05-01,2002,May,0.51,1981-2010
2002-06-01,2002,Jun,0.68,1981-2010
2002-07-01,2002,Jul,0.66,1981-2010
2002-08-01,2002,Aug,0.55,1981-2010
2002-09-01,2002,Sep,0.62,1981-2010
2002-10-01,2002,Oct,0.53,1981-2010
2002-11-01,2002,Nov,0.78,1981-2010
2002-12-01,2002,Dec,0.42,1981-2010
2003-01-01,2003,Jan,0.92,1981-2010
2003-02-01,2003,Feb,0.56,1981-2010
2003-03-01,2003,Mar,0.66,1981-2010
2003-04-01,2003,Apr,0.6,1981-2010
2003-05-01,2003,May,0.71,1981-2010
2003-06-01,2003,Jun,0.54,1981-2010
2003-07-01,2003,Jul,0.68,1981-2010
2003-08-01,2003,Aug,0.86,1981-2010
2003-09-01,2003,Sep,0.78,1981-2010
2003-10-01,2003,Oct,0.98,1981-2010
2003-11-01,2003,Nov,0.66,1981-2010
2003-12-01,2003,Dec,0.97,1981-2010
2004-01-01,2004,Jan,0.66,1981-2010
2004-02-01,2004,Feb,0.91,1981-2010
2004-03-01,2004,Mar,0.86,1981-2010
2004-04-01,2004,Apr,0.7,1981-2010
2004-05-01,2004,May,0.52,1981-2010
2004-06-01,2004,Jun,0.46,1981-2010
2004-07-01,2004,Jul,0.49,1981-2010
2004-08-01,2004,Aug,0.55,1981-2010
2004-09-01,2004,Sep,0.59,1981-2010
2004-10-01,2004,Oct,0.7,1981-2010
2004-11-01,2004,Nov,0.98,1981-2010
2004-12-01,2004,Dec,0.44,1981-2010
2005-01-01,2005,Jan,0.94,1981-2010
2005-02-01,2005,Feb,0.71,1981-2010
2005-03-01,2005,Mar,0.94,1981-2010
2005-04-01,2005,Apr,0.92,1981-2010
2005-05-01,2005,May,0.77,1981-2010
2005-06-01,2005,Jun,0.78,1981-2010
2005-07-01,2005,Jul,0.74,1981-2010
2005-08-01,2005,Aug,0.69,1981-2010
2005-09-01,2005,Sep,0.89,1981-2010
2005-10-01,2005,Oct,0.95,1981-2010
2005-11-01,2005,Nov,1.05,1981-2010
2005-12-01,2005,Dec,0.83,1981-2010
2006-01-01,2006,Jan,0.64,1981-2010
2006-02-01,2006,Feb,0.95,1981-2010
2006-03-01,2006,Mar,0.78,1981-2010
2006-04-01,2006,Apr,0.59,1981-2010
2006-05-01,2006,May,0.75,1981-2010
2006-06-01,2006,Jun,0.8,1981-2010
2006-07-01,2006,Jul,0.69,1981-2010
2006-08-01,2006,Aug,0.68,1981-2010
2006-09-01,2006,Sep,0.82,1981-2010
2006-10-01,2006,Oct,0.95,1981-2010
2006-11-01,2006,Nov,0.94,1981-2010
2006-12-01,2006,Dec,1.15,1981-2010
2007-01-01,2007,Jan,1.45,1981-2010
2007-02-01,2007,Feb,0.89,1981-2010
2007-03-01,2007,Mar,0.93,1981-2010
2007-04-01,2007,Apr,1.06,1981-2010
2007-05-01,2007,May,0.71,1981-2010
2007-06-01,2007,Jun,0.64,1981-2010
2007-07-01,2007,Jul,0.64,1981-2010
2007-08-01,2007,Aug,0.72,1981-2010
2007-09-01,2007,Sep,0.67,1981-2010
2007-10-01,2007,Oct,0.83,1981-2010
2007-11-01,2007,Nov,0.81,1981-2010
2007-12-01,2007,Dec,0.77,1981-2010
2008-01-01,2008,Jan,0.33,1981-2010
2008-02-01,2008,Feb,0.58,1981-2010
2008-03-01,2008,Mar,1.13,1981-2010
2008-04-01,2008,Apr,0.65,1981-2010
2008-05-01,2008,May,0.6,1981-2010
2008-06-01,2008,Jun,0.61,1981-2010
2008-07-01,2008,Jul,0.6,1981-2010
2008-08-01,2008,Aug,0.58,1981-2010
2008-09-01,2008,Sep,0.57,1981-2010
2008-10-01,2008,Oct,0.85,1981-2010
2008-11-01,2008,Nov,0.96,1981-2010
2008-12-01,2008,Dec,0.65,1981-2010
2009-01-01,2009,Jan,0.82,1981-2010
2009-02-01,2009,Feb,0.69,1981-2010
2009-03-01,2009,Mar,0.58,1981-2010
2009-04-01,2009,Apr,0.7,1981-2010
2009-05-01,2009,May,0.65,1981-2010
2009-06-01,2009,Jun,0.66,1981-2010
2009-07-01,2009,Jul,0.68,1981-2010
2009-08-01,2009,Aug,0.72,1981-2010
2009-09-01,2009,Sep,0.85,1981-2010
2009-10-01,2009,Oct,0.78,1981-2010
2009-11-01,2009,Nov,0.84,1981-2010
2009-12-01,2009,Dec,0.66,1981-2010
2010-01-01,2010,Jan,0.8,1981-2010
2010-02-01,2010,Feb,0.94,1981-2010
2010-03-01,2010,Mar,1.1,1981-2010
2010-04-01,2010,Apr,1.13,1981-2010
2010-05-01,2010,May,0.93,1981-2010
2010-06-01,2010,Jun,0.83,1981-2010
2010-07-01,2010,Jul,0.88,1981-2010
2010-08-01,2010,Aug,0.85,1981-2010
2010-09-01,2010,Sep,0.7,1981-2010
2010-10-01,2010,Oct,0.89,1981-2010
2010-11-01,2010,Nov,1.2,1981-2010
2010-12-01,2010,Dec,0.51,1981-2010
2011-01-01,2011,Jan,0.61,2011-present
2011-02-01,2011,Feb,0.56,2011-present
2011-03-01,2011,Mar,0.88,2011-present
2011-04-01,2011,Apr,0.82,2011-present
2011-05-01,2011,May,0.65,2011-present
2011-06-01,2011,Jun,0.76,2011-present
2011-07-01,2011,Jul,0.71,2011-present
2011-08-01,2011,Aug,0.7,2011-present
2011-09-01,2011,Sep,0.73,2011-present
2011-10-01,2011,Oct,0.9,2011-present
2011-11-01,2011,Nov,0.65,2011-present
2011-12-01,2011,Dec,0.86,2011-present
2012-01-01,2012,Jan,0.64,2011-present
2012-02-01,2012,Feb,0.58,2011-present
2012-03-01,2012,Mar,0.69,2011-present
2012-04-01,2012,Apr,1.05,2011-present
2012-05-01,2012,May,0.96,2011-present
2012-06-01,2012,Jun,0.93,2011-present
2012-07-01,2012,Jul,0.84,2011-present
2012-08-01,2012,Aug,0.76,2011-present
2012-09-01,2012,Sep,0.86,2011-present
2012-10-01,2012,Oct,0.9,2011-present
2012-11-01,2012,Nov,0.97,2011-present
2012-12-01,2012,Dec,0.45,2011-present
2013-01-01,2013,Jan,0.84,2011-present
2013-02-01,2013,Feb,0.78,2011-present
2013-03-01,2013,Mar,0.81,2011-present
2013-04-01,2013,Apr,0.67,2011-present
2013-05-01,2013,May,0.76,2011-present
2013-06-01,2013,Jun,0.76,2011-present
2013-07-01,2013,Jul,0.68,2011-present
2013-08-01,2013,Aug,0.73,2011-present
2013-09-01,2013,Sep,0.7,2011-present
2013-10-01,2013,Oct,0.82,2011-present
2013-11-01,2013,Nov,1.12,2011-present
2013-12-01,2013,Dec,0.84,2011-present
2014-01-01,2014,Jan,0.97,2011-present
2014-02-01,2014,Feb,0.71,2011-present
2014-03-01,2014,Mar,1.19,2011-present
2014-04-01,2014,Apr,1.09,2011-present
2014-05-01,2014,May,0.89,2011-present
2014-06-01,2014,Jun,0.8,2011-present
2014-07-01,2014,Jul,0.76,2011-present
2014-08-01,2014,Aug,0.91,2011-present
2014-09-01,2014,Sep,0.83,2011-present
2014-10-01,2014,Oct,0.92,2011-present
2014-11-01,2014,Nov,0.8,2011-present
2014-12-01,2014,Dec,1.1,2011-present
2015-01-01,2015,Jan,1.19,2011-present
2015-02-01,2015,Feb,1.18,2011-present
2015-03-01,2015,Mar,1.31,2011-present
2015-04-01,2015,Apr,1,2011-present
2015-05-01,2015,May,1.03,2011-present
2015-06-01,2015,Jun,1.05,2011-present
2015-07-01,2015,Jul,0.91,2011-present
2015-08-01,2015,Aug,1,2011-present
2015-09-01,2015,Sep,1.17,2011-present
2015-10-01,2015,Oct,1.28,2011-present
2015-11-01,2015,Nov,1.38,2011-present
2015-12-01,2015,Dec,1.54,2011-present
2016-01-01,2016,Jan,1.55,2011-present
2016-02-01,2016,Feb,1.93,2011-present
2016-03-01,2016,Mar,1.88,2011-present
2016-04-01,2016,Apr,1.46,2011-present
2016-05-01,2016,May,1.1,2011-present
2016-06-01,2016,Jun,1.12,2011-present
2016-07-01,2016,Jul,1.04,2011-present
2016-08-01,2016,Aug,1.12,2011-present
2016-09-01,2016,Sep,1.22,2011-present
2016-10-01,2016,Oct,1.03,2011-present
2016-11-01,2016,Nov,1.12,2011-present
2016-12-01,2016,Dec,1.04,2011-present
2017-01-01,2017,Jan,1.39,2011-present
2017-02-01,2017,Feb,1.51,2011-present
2017-03-01,2017,Mar,1.51,2011-present
2017-04-01,2017,Apr,1.19,2011-present
2017-05-01,2017,May,0.92,2011-present
2017-06-01,2017,Jun,0.92,2011-present
2017-07-01,2017,Jul,0.96,2011-present
2017-08-01,2017,Aug,1.01,2011-present
2017-09-01,2017,Sep,1,2011-present
2017-10-01,2017,Oct,1.04,2011-present
2017-11-01,2017,Nov,1.22,2011-present
2017-12-01,2017,Dec,1.38,2011-present
2018-01-01,2018,Jan,1.14,2011-present
2018-02-01,2018,Feb,1.23,2011-present
2018-03-01,2018,Mar,1.17,2011-present
2018-04-01,2018,Apr,0.96,2011-present
2018-05-01,2018,May,0.99,2011-present
2018-06-01,2018,Jun,0.85,2011-present
2018-07-01,2018,Jul,0.9,2011-present
2018-08-01,2018,Aug,0.86,2011-present
2018-09-01,2018,Sep,0.96,2011-present
2018-10-01,2018,Oct,1.23,2011-present
2018-11-01,2018,Nov,0.96,2011-present
2018-12-01,2018,Dec,1.09,2011-present
2019-01-01,2019,Jan,1.2,2011-present
2019-02-01,2019,Feb,1.11,2011-present
2019-03-01,2019,Mar,1.54,2011-present
2019-04-01,2019,Apr,1.23,2011-present
2019-05-01,2019,May,0.98,2011-present
2019-06-01,2019,Jun,1.19,2011-present
2019-07-01,2019,Jul,1.03,2011-present
2019-08-01,2019,Aug,1.09,2011-present
2019-09-01,2019,Sep,1.2,2011-present
2019-10-01,2019,Oct,1.29,2011-present
2019-11-01,2019,Nov,1.19,2011-present
2019-12-01,2019,Dec,1.38,2011-present
2020-01-01,2020,Jan,1.58,2011-present
2020-02-01,2020,Feb,1.69,2011-present
2020-03-01,2020,Mar,1.65,2011-present
2020-04-01,2020,Apr,1.39,2011-present
2020-05-01,2020,May,1.26,2011-present
2020-06-01,2020,Jun,1.12,2011-present
2020-07-01,2020,Jul,1.09,2011-present
2020-08-01,2020,Aug,1.11,2011-present
2020-09-01,2020,Sep,1.19,2011-present
2020-10-01,2020,Oct,1.2,2011-present
2020-11-01,2020,Nov,1.6,2011-present
2020-12-01,2020,Dec,1.2,2011-present
2021-01-01,2021,Jan,1.26,2011-present
2021-02-01,2021,Feb,0.95,2011-present
2021-03-01,2021,Mar,1.19,2011-present
2021-04-01,2021,Apr,1.12,2011-present
2021-05-01,2021,May,1.03,2011-present
2021-06-01,2021,Jun,1.2,2011-present
2021-07-01,2021,Jul,1.06,2011-present
2021-08-01,2021,Aug,1.02,2011-present
2021-09-01,2021,Sep,1.05,2011-present
2021-10-01,2021,Oct,1.3,2011-present
2021-11-01,2021,Nov,1.29,2011-present
2021-12-01,2021,Dec,1.15,2011-present
2022-01-01,2022,Jan,1.24,2011-present
2022-02-01,2022,Feb,1.16,2011-present
2022-03-01,2022,Mar,1.41,2011-present
2022-04-01,2022,Apr,1.08,2011-present
2022-05-01,2022,May,1.01,2011-present
2022-06-01,2022,Jun,1.12,2011-present
2022-07-01,2022,Jul,1.05,2011-present
2022-08-01,2022,Aug,1.16,2011-present
2022-09-01,2022,Sep,1.15,2011-present
2022-10-01,2022,Oct,1.31,2011-present
2022-11-01,2022,Nov,1.09,2011-present
2022-12-01,2022,Dec,1.07,2011-present
2023-01-01,2023,Jan,1.3,2011-present
2023-02-01,2023,Feb,1.31,2011-present
2023-03-01,2023,Mar,1.62,2011-present
2023-04-01,2023,Apr,1.01,2011-present
2023-05-01,2023,May,1.11,2011-present
2023-06-01,2023,Jun,1.17,2011-present
2023-07-01,2023,Jul,1.43,2011-present
2023-08-01,2023,Aug,1.56,2011-present
2023-09-01,2023,Sep,1.66,2011-present
2023-10-01,2023,Oct,1.88,2011-present
2023-11-01,2023,Nov,1.98,2011-present
2023-12-01,2023,Dec,1.85,2011-present
2024-01-01,2024,Jan,1.63,2011-present
2024-02-01,2024,Feb,1.93,2011-present
2024-03-01,2024,Mar,1.78,2011-present
2024-04-01,2024,Apr,1.78,2011-present
2024-05-01,2024,May,1.43,2011-present
2024-06-01,2024,Jun,1.54,2011-present
2024-07-01,2024,Jul,NA,2011-present
2024-08-01,2024,Aug,NA,2011-present
2024-09-01,2024,Sep,NA,2011-present
2024-10-01,2024,Oct,NA,2011-present
2024-11-01,2024,Nov,NA,2011-present
2024-12-01,2024,Dec,NA,2011-present
